Time, Aggregate
2014-04-01 00:00:00,352.0
2014-04-01 00:10:00,322.19
2014-04-01 00:20:00,264.93
2014-04-01 00:30:00,178.75
2014-04-01 00:40:00,172.91
2014-04-01 00:50:00,191.51
2014-04-01 01:00:00,179.919191919
2014-04-01 01:10:00,205.98019802
2014-04-01 01:20:00,174.636363636
2014-04-01 01:30:00,212.06
2014-04-01 01:40:00,226.56
2014-04-01 01:50:00,309.287128713
2014-04-01 02:00:00,407.585858586
2014-04-01 02:10:00,395.346534653
2014-04-01 02:20:00,336.101010101
2014-04-01 02:30:00,375.00990099
2014-04-01 02:40:00,634.595959596
2014-04-01 02:50:00,624.32
2014-04-01 03:00:00,502.83
2014-04-01 03:10:00,474.59
2014-04-01 03:20:00,495.752475248
2014-04-01 03:30:00,552.33
2014-04-01 03:40:00,506.59
2014-04-01 03:50:00,412.454545455
2014-04-01 04:00:00,469.12
2014-04-01 04:10:00,577.92
2014-04-01 04:20:00,630.871287129
2014-04-01 04:30:00,569.292929293
2014-04-01 04:40:00,466.8
2014-04-01 04:50:00,434.95049505
2014-04-01 05:00:00,459.34375
2014-04-01 05:10:00,389.841584158
2014-04-01 05:20:00,623.414141414
2014-04-01 05:30:00,373.03030303
2014-04-01 05:40:00,539.52
2014-04-01 05:50:00,372.33
2014-04-01 06:00:00,579.464646465
2014-04-01 06:10:00,517.13
2014-04-01 06:20:00,697.41
2014-04-01 06:30:00,610.08
2014-04-01 06:40:00,569.96
2014-04-01 06:50:00,2484.14
2014-04-01 07:00:00,1222.27368421
2014-04-01 07:10:00,654.46
2014-04-01 07:20:00,575.17
2014-04-01 07:30:00,572.416666667
2014-04-01 07:40:00,660.059405941
2014-04-01 07:50:00,1398.76767677
2014-04-01 08:00:00,673.707070707
2014-04-01 08:10:00,583.222222222
2014-04-01 08:20:00,754.13
2014-04-01 08:30:00,811.86
2014-04-01 08:40:00,867.1
2014-04-01 08:50:00,269.656565657
2014-04-01 09:00:00,214.223404255
2014-04-01 09:10:00,259.260869565
2014-04-01 09:20:00,327.516483516
2014-04-01 09:30:00,332.824742268
2014-04-01 09:40:00,342.635416667
2014-04-01 09:50:00,295.967391304
2014-04-01 10:00:00,291.11627907
2014-04-01 10:10:00,297.701923077
2014-04-01 10:20:00,390.642105263
2014-04-01 10:30:00,447.494382022
2014-04-01 10:40:00,435.803921569
2014-04-01 10:50:00,331.377777778
2014-04-01 11:00:00,319.969387755
2014-04-01 11:10:00,335.46875
2014-04-01 11:20:00,360.959183673
2014-04-01 11:30:00,333.34
2014-04-01 11:40:00,378.808080808
2014-04-01 11:50:00,281.070707071
2014-04-01 12:00:00,331.103092784
2014-04-01 12:10:00,416.792079208
2014-04-01 12:20:00,242.904255319
2014-04-01 12:30:00,307.553191489
2014-04-01 12:40:00,248.112359551
2014-04-01 12:50:00,289.78125
2014-04-01 13:00:00,269.808080808
2014-04-01 13:10:00,254.226804124
2014-04-01 13:20:00,184.416666667
2014-04-01 13:30:00,170.05
2014-04-01 13:40:00,272.776595745
2014-04-01 13:50:00,1107.1980198
2014-04-01 14:00:00,306.525773196
2014-04-01 14:10:00,211.153061224
2014-04-01 14:20:00,211.959183673
2014-04-01 14:30:00,355.255102041
2014-04-01 14:40:00,420.323232323
2014-04-01 14:50:00,331.494382022
2014-04-01 15:00:00,179.068181818
2014-04-01 15:10:00,208.098765432
2014-04-01 15:20:00,204.852272727
2014-04-01 15:30:00,626.7
2014-04-01 15:40:00,210.914893617
2014-04-01 15:50:00,236.911111111
2014-04-01 16:00:00,203.215909091
2014-04-01 16:10:00,195.326086957
2014-04-01 16:20:00,302.191489362
2014-04-01 16:30:00,364.777777778
2014-04-01 16:40:00,501.815217391
2014-04-01 16:50:00,795.319148936
2014-04-01 17:00:00,1168.27083333
2014-04-01 17:10:00,1432.58888889
2014-04-01 17:20:00,992.034482759
2014-04-01 17:30:00,569.306122449
2014-04-01 17:40:00,404.0
2014-04-01 17:50:00,408.179775281
2014-04-01 18:00:00,451.391304348
2014-04-01 18:10:00,668.829787234
2014-04-01 18:20:00,980.257731959
2014-04-01 18:30:00,1324.79310345
2014-04-01 18:40:00,588.709677419
2014-04-01 18:50:00,362.340659341
2014-04-01 19:00:00,322.415730337
2014-04-01 19:10:00,289.979381443
2014-04-01 19:20:00,296.758241758
2014-04-01 19:30:00,350.373626374
2014-04-01 19:40:00,301.086021505
2014-04-01 19:50:00,309.476744186
2014-04-01 20:00:00,1155.0625
2014-04-01 20:10:00,453.988235294
2014-04-01 20:20:00,501.677777778
2014-04-01 20:30:00,428.88172043
2014-04-01 20:40:00,419.426966292
2014-04-01 20:50:00,397.306122449
2014-04-01 21:00:00,352.965517241
2014-04-01 21:10:00,319.298850575
2014-04-01 21:20:00,280.462365591
2014-04-01 21:30:00,320.715789474
2014-04-01 21:40:00,341.114942529
2014-04-01 21:50:00,219.074468085
2014-04-01 22:00:00,197.368421053
2014-04-01 22:10:00,245.569892473
2014-04-01 22:20:00,345.033707865
2014-04-01 22:30:00,353.010638298
2014-04-01 22:40:00,201.791666667
2014-04-01 22:50:00,154.604651163
2014-04-01 23:00:00,167.727272727
2014-04-01 23:10:00,243.416666667
2014-04-01 23:20:00,236.010869565
2014-04-01 23:30:00,164.844444444
2014-04-01 23:40:00,149.574257426
2014-04-01 23:50:00,183.695121951
2014-04-02 00:00:00,236.147368421
2014-04-02 00:10:00,216.35483871
2014-04-02 00:20:00,231.629213483
2014-04-02 00:30:00,249.593406593
2014-04-02 00:40:00,236.010869565
2014-04-02 00:50:00,226.866666667
2014-04-02 01:00:00,177.627659574
2014-04-02 01:10:00,167.52688172
2014-04-02 01:20:00,176.590909091
2014-04-02 01:30:00,248.595238095
2014-04-02 01:40:00,277.78021978
2014-04-02 01:50:00,303.777777778
2014-04-02 02:00:00,262.047058824
2014-04-02 02:10:00,250.688172043
2014-04-02 02:20:00,206.76344086
2014-04-02 02:30:00,422.764044944
2014-04-02 02:40:00,757.795454545
2014-04-02 02:50:00,684.097826087
2014-04-02 03:00:00,535.683673469
2014-04-02 03:10:00,414.679012346
2014-04-02 03:20:00,537.476190476
2014-04-02 03:30:00,545.806122449
2014-04-02 03:40:00,464.315789474
2014-04-02 03:50:00,411.322580645
2014-04-02 04:00:00,466.65
2014-04-02 04:10:00,530.122222222
2014-04-02 04:20:00,522.255555556
2014-04-02 04:30:00,439.0
2014-04-02 04:40:00,455.868131868
2014-04-02 04:50:00,550.755319149
2014-04-02 05:00:00,595.545454545
2014-04-02 05:10:00,517.734042553
2014-04-02 05:20:00,1104.97647059
2014-04-02 05:30:00,479.6
2014-04-02 05:40:00,604.483870968
2014-04-02 05:50:00,477.586206897
2014-04-02 06:00:00,674.872340426
2014-04-02 06:10:00,609.197802198
2014-04-02 06:20:00,623.709677419
2014-04-02 06:30:00,1363.86666667
2014-04-02 06:40:00,1021.96296296
2014-04-02 06:50:00,806.929292929
2014-04-02 07:00:00,768.0
2014-04-02 07:10:00,665.23
2014-04-02 07:20:00,658.92
2014-04-02 07:30:00,1924.12
2014-04-02 07:40:00,2554.6
2014-04-02 07:50:00,2618.91
2014-04-02 08:00:00,1237.0
2014-04-02 08:10:00,580.87
2014-04-02 08:20:00,650.444444444
2014-04-02 08:30:00,670.142857143
2014-04-02 08:40:00,2034.56565657
2014-04-02 08:50:00,1464.06741573
2014-04-02 09:00:00,564.19047619
2014-04-02 09:10:00,655.820754717
2014-04-02 09:20:00,825.113402062
2014-04-02 09:30:00,378.739583333
2014-04-02 09:40:00,274.505154639
2014-04-02 09:50:00,248.79
2014-04-02 10:00:00,229.32
2014-04-02 10:10:00,266.577319588
2014-04-02 10:20:00,313.917525773
2014-04-02 10:30:00,278.90625
2014-04-02 10:40:00,194.132653061
2014-04-02 10:50:00,150.340425532
2014-04-02 11:00:00,184.22
2014-04-02 11:10:00,327.510638298
2014-04-02 11:20:00,678.357142857
2014-04-02 11:30:00,766.67
2014-04-02 11:40:00,1019.66326531
2014-04-02 11:50:00,992.08
2014-04-02 12:00:00,248.414141414
2014-04-02 12:10:00,1677.19148936
2014-04-02 12:20:00,161.21875
2014-04-02 12:30:00,154.288659794
2014-04-02 12:40:00,232.989795918
2014-04-02 12:50:00,250.878787879
2014-04-02 13:00:00,346.229166667
2014-04-02 13:10:00,344.488636364
2014-04-02 13:20:00,317.755102041
2014-04-02 13:30:00,827.577319588
2014-04-02 13:40:00,586.212765957
2014-04-02 13:50:00,607.020833333
2014-04-02 14:00:00,605.03030303
2014-04-02 14:10:00,488.568421053
2014-04-02 14:20:00,173.878787879
2014-04-02 14:30:00,229.757575758
2014-04-02 14:40:00,506.244897959
2014-04-02 14:50:00,490.673684211
2014-04-02 15:00:00,2012.06122449
2014-04-02 15:10:00,1693.55102041
2014-04-02 15:20:00,2260.37755102
2014-04-02 15:30:00,1929.41237113
2014-04-02 15:40:00,1632.30927835
2014-04-02 15:50:00,1540.86734694
2014-04-02 16:00:00,2752.47474747
2014-04-02 16:10:00,2156.05208333
2014-04-02 16:20:00,1309.43877551
2014-04-02 16:30:00,1569.46391753
2014-04-02 16:40:00,1402.49494949
2014-04-02 16:50:00,626.27
2014-04-02 17:00:00,750.929292929
2014-04-02 17:10:00,894.919191919
2014-04-02 17:20:00,863.91
2014-04-02 17:30:00,1307.73
2014-04-02 17:40:00,2751.51
2014-04-02 17:50:00,960.4
2014-04-02 18:00:00,692.99
2014-04-02 18:10:00,736.95
2014-04-02 18:20:00,939.55
2014-04-02 18:30:00,2601.35
2014-04-02 18:40:00,2284.06
2014-04-02 18:50:00,682.8
2014-04-02 19:00:00,2032.63
2014-04-02 19:10:00,1384.46
2014-04-02 19:20:00,433.39
2014-04-02 19:30:00,400.04
2014-04-02 19:40:00,410.95
2014-04-02 19:50:00,409.12
2014-04-02 20:00:00,556.26
2014-04-02 20:10:00,2068.90909091
2014-04-02 20:20:00,1125.0
2014-04-02 20:30:00,423.61
2014-04-02 20:40:00,418.07
2014-04-02 20:50:00,303.16
2014-04-02 21:00:00,312.24742268
2014-04-02 21:10:00,214.908163265
2014-04-02 21:20:00,261.93
2014-04-02 21:30:00,309.57
2014-04-02 21:40:00,284.95
2014-04-02 21:50:00,239.78
2014-04-02 22:00:00,192.97
2014-04-02 22:10:00,317.21
2014-04-02 22:20:00,378.52
2014-04-02 22:30:00,339.26
2014-04-02 22:40:00,189.69
2014-04-02 22:50:00,152.777777778
2014-04-02 23:00:00,209.23
2014-04-02 23:10:00,241.0
2014-04-02 23:20:00,213.777777778
2014-04-02 23:30:00,152.930693069
2014-04-02 23:40:00,176.101010101
2014-04-02 23:50:00,194.181818182
2014-04-03 00:00:00,238.920792079
2014-04-03 00:10:00,207.73
2014-04-03 00:20:00,374.14
2014-04-03 00:30:00,398.89
2014-04-03 00:40:00,388.346938776
2014-04-03 00:50:00,284.886597938
2014-04-03 01:00:00,275.263157895
2014-04-03 01:10:00,255.333333333
2014-04-03 01:20:00,241.757575758
2014-04-03 01:30:00,210.35
2014-04-03 01:40:00,257.03030303
2014-04-03 01:50:00,264.171717172
2014-04-03 02:00:00,185.99
2014-04-03 02:10:00,162.11
2014-04-03 02:20:00,178.18
2014-04-03 02:30:00,527.48
2014-04-03 02:40:00,656.43
2014-04-03 02:50:00,579.72
2014-04-03 03:00:00,491.04
2014-04-03 03:10:00,457.39
2014-04-03 03:20:00,523.59
2014-04-03 03:30:00,531.61
2014-04-03 03:40:00,443.31
2014-04-03 03:50:00,443.06
2014-04-03 04:00:00,471.13
2014-04-03 04:10:00,507.33
2014-04-03 04:20:00,481.38
2014-04-03 04:30:00,482.12
2014-04-03 04:40:00,469.0
2014-04-03 04:50:00,464.1
2014-04-03 05:00:00,405.23
2014-04-03 05:10:00,683.31
2014-04-03 05:20:00,627.84
2014-04-03 05:30:00,646.44
2014-04-03 05:40:00,356.83
2014-04-03 05:50:00,581.63
2014-04-03 06:00:00,621.71
2014-04-03 06:10:00,707.14
2014-04-03 06:20:00,704.68
2014-04-03 06:30:00,2749.64
2014-04-03 06:40:00,1083.18367347
2014-04-03 06:50:00,793.69
2014-04-03 07:00:00,710.82
2014-04-03 07:10:00,560.8
2014-04-03 07:20:00,681.04
2014-04-03 07:30:00,796.69
2014-04-03 07:40:00,872.1
2014-04-03 07:50:00,619.77
2014-04-03 08:00:00,2297.17
2014-04-03 08:10:00,2170.59
2014-04-03 08:20:00,791.62
2014-04-03 08:30:00,875.94
2014-04-03 08:40:00,865.37
2014-04-03 08:50:00,765.12
2014-04-03 09:00:00,746.02
2014-04-03 09:10:00,750.31
2014-04-03 09:20:00,828.78
2014-04-03 09:30:00,995.464646465
2014-04-03 09:40:00,514.646464646
2014-04-03 09:50:00,664.581632653
2014-04-03 10:00:00,2242.77
2014-04-03 10:10:00,1947.72727273
2014-04-03 10:20:00,1823.39
2014-04-03 10:30:00,1290.80232558
2014-04-03 10:40:00,1272.44318182
2014-04-03 10:50:00,1410.95238095
2014-04-03 11:00:00,1086.11842105
2014-04-03 11:10:00,950.752808989
2014-04-03 11:20:00,2753.43820225
2014-04-03 11:30:00,2989.14444444
2014-04-03 11:40:00,1288.08602151
2014-04-03 11:50:00,1091.39759036
2014-04-03 12:00:00,936.404255319
2014-04-03 12:10:00,724.357142857
2014-04-03 12:20:00,586.93814433
2014-04-03 12:30:00,501.730337079
2014-04-03 12:40:00,1075.14942529
2014-04-03 12:50:00,2326.0
2014-04-03 13:00:00,1393.30851064
2014-04-03 13:10:00,1236.15217391
2014-04-03 13:20:00,1552.08988764
2014-04-03 13:30:00,1562.02247191
2014-04-03 13:40:00,1422.25287356
2014-04-03 13:50:00,580.483516484
2014-04-03 14:00:00,547.865853659
2014-04-03 14:10:00,447.736263736
2014-04-03 14:20:00,479.04494382
2014-04-03 14:30:00,489.358695652
2014-04-03 14:40:00,470.979591837
2014-04-03 14:50:00,391.111111111
2014-04-03 15:00:00,447.865671642
2014-04-03 15:10:00,487.022727273
2014-04-03 15:20:00,575.450549451
2014-04-03 15:30:00,502.13253012
2014-04-03 15:40:00,576.3
2014-04-03 15:50:00,768.582417582
2014-04-03 16:00:00,722.337078652
2014-04-03 16:10:00,766.988888889
2014-04-03 16:20:00,553.096385542
2014-04-03 16:30:00,564.927083333
2014-04-03 16:40:00,560.471910112
2014-04-03 16:50:00,2259.60330579
2014-04-03 17:00:00,1426.73737374
2014-04-03 17:10:00,1232.66
2014-04-03 17:20:00,766.71
2014-04-03 17:30:00,677.56
2014-04-03 17:40:00,805.64
2014-04-03 17:50:00,949.2
2014-04-03 18:00:00,1036.62
2014-04-03 18:10:00,983.65
2014-04-03 18:20:00,929.353535354
2014-04-03 18:30:00,770.39
2014-04-03 18:40:00,524.13
2014-04-03 18:50:00,1197.43
2014-04-03 19:00:00,2483.23
2014-04-03 19:10:00,1101.25252525
2014-04-03 19:20:00,736.643564356
2014-04-03 19:30:00,734.13
2014-04-03 19:40:00,638.58
2014-04-03 19:50:00,477.94
2014-04-03 20:00:00,502.6
2014-04-03 20:10:00,1125.85
2014-04-03 20:20:00,631.89
2014-04-03 20:30:00,684.38
2014-04-03 20:40:00,504.38
2014-04-03 20:50:00,422.848484848
2014-04-03 21:00:00,544.92
2014-04-03 21:10:00,470.44
2014-04-03 21:20:00,407.83
2014-04-03 21:30:00,335.64
2014-04-03 21:40:00,359.79
2014-04-03 21:50:00,436.34
2014-04-03 22:00:00,433.393939394
2014-04-03 22:10:00,486.44
2014-04-03 22:20:00,2019.32673267
2014-04-03 22:30:00,1451.24
2014-04-03 22:40:00,379.54
2014-04-03 22:50:00,321.12
2014-04-03 23:00:00,898.53
2014-04-03 23:10:00,2005.43
2014-04-03 23:20:00,452.101010101
2014-04-03 23:30:00,244.808080808
2014-04-03 23:40:00,184.540816327
2014-04-03 23:50:00,168.9
2014-04-04 00:00:00,265.48
2014-04-04 00:10:00,431.31
2014-04-04 00:20:00,436.2
2014-04-04 00:30:00,335.11
2014-04-04 00:40:00,263.91
2014-04-04 00:50:00,257.02
2014-04-04 01:00:00,244.17
2014-04-04 01:10:00,281.37
2014-04-04 01:20:00,308.7
2014-04-04 01:30:00,249.16
2014-04-04 01:40:00,200.21
2014-04-04 01:50:00,189.71
2014-04-04 02:00:00,284.84
2014-04-04 02:10:00,611.94
2014-04-04 02:20:00,537.57
2014-04-04 02:30:00,506.68
2014-04-04 02:40:00,532.25
2014-04-04 02:50:00,553.08
2014-04-04 03:00:00,480.04
2014-04-04 03:10:00,424.33
2014-04-04 03:20:00,474.32
2014-04-04 03:30:00,547.16
2014-04-04 03:40:00,528.76
2014-04-04 03:50:00,436.925531915
2014-04-04 04:00:00,470.99
2014-04-04 04:10:00,484.33
2014-04-04 04:20:00,549.57
2014-04-04 04:30:00,595.47
2014-04-04 04:40:00,579.54
2014-04-04 04:50:00,544.86
2014-04-04 05:00:00,423.69
2014-04-04 05:10:00,555.19
2014-04-04 05:20:00,536.98
2014-04-04 05:30:00,569.16
2014-04-04 05:40:00,400.08
2014-04-04 05:50:00,518.43
2014-04-04 06:00:00,566.02
2014-04-04 06:10:00,613.04
2014-04-04 06:20:00,499.3
2014-04-04 06:30:00,1766.95
2014-04-04 06:40:00,1913.62
2014-04-04 06:50:00,1152.75
2014-04-04 07:00:00,774.260416667
2014-04-04 07:10:00,551.97
2014-04-04 07:20:00,630.31
2014-04-04 07:30:00,668.19
2014-04-04 07:40:00,544.69
2014-04-04 07:50:00,225.87
2014-04-04 08:00:00,213.22
2014-04-04 08:10:00,280.3
2014-04-04 08:20:00,412.49
2014-04-04 08:30:00,285.97
2014-04-04 08:40:00,275.7
2014-04-04 08:50:00,372.33
2014-04-04 09:00:00,413.44
2014-04-04 09:10:00,493.66
2014-04-04 09:20:00,1069.08
2014-04-04 09:30:00,292.03
2014-04-04 09:40:00,322.28
2014-04-04 09:50:00,300.32
2014-04-04 10:00:00,258.09
2014-04-04 10:10:00,260.275510204
2014-04-04 10:20:00,252.76
2014-04-04 10:30:00,656.1
2014-04-04 10:40:00,1022.87
2014-04-04 10:50:00,278.05
2014-04-04 11:00:00,341.101010101
2014-04-04 11:10:00,443.33
2014-04-04 11:20:00,459.85
2014-04-04 11:30:00,370.42
2014-04-04 11:40:00,663.474747475
2014-04-04 11:50:00,530.96969697
2014-04-04 12:00:00,309.43877551
2014-04-04 12:10:00,344.040816327
2014-04-04 12:20:00,777.505050505
2014-04-04 12:30:00,394.56
2014-04-04 12:40:00,292.43877551
2014-04-04 12:50:00,309.489583333
2014-04-04 13:00:00,380.195876289
2014-04-04 13:10:00,414.5
2014-04-04 13:20:00,360.142857143
2014-04-04 13:30:00,365.397959184
2014-04-04 13:40:00,433.063829787
2014-04-04 13:50:00,942.453608247
2014-04-04 14:00:00,409.949494949
2014-04-04 14:10:00,342.726315789
2014-04-04 14:20:00,307.694736842
2014-04-04 14:30:00,364.308510638
2014-04-04 14:40:00,352.721649485
2014-04-04 14:50:00,343.6
2014-04-04 15:00:00,312.505263158
2014-04-04 15:10:00,315.247311828
2014-04-04 15:20:00,394.382978723
2014-04-04 15:30:00,395.79787234
2014-04-04 15:40:00,481.68
2014-04-04 15:50:00,476.153061224
2014-04-04 16:00:00,480.244897959
2014-04-04 16:10:00,1760.83673469
2014-04-04 16:20:00,785.0
2014-04-04 16:30:00,585.424242424
2014-04-04 16:40:00,415.762886598
2014-04-04 16:50:00,429.237113402
2014-04-04 17:00:00,407.797979798
2014-04-04 17:10:00,573.395833333
2014-04-04 17:20:00,672.01010101
2014-04-04 17:30:00,1979.68
2014-04-04 17:40:00,2004.07142857
2014-04-04 17:50:00,634.949494949
2014-04-04 18:00:00,547.05
2014-04-04 18:10:00,472.57
2014-04-04 18:20:00,453.28
2014-04-04 18:30:00,699.53
2014-04-04 18:40:00,2393.96
2014-04-04 18:50:00,1634.77
2014-04-04 19:00:00,399.98989899
2014-04-04 19:10:00,351.262626263
2014-04-04 19:20:00,432.93877551
2014-04-04 19:30:00,483.316831683
2014-04-04 19:40:00,447.57
2014-04-04 19:50:00,444.8
2014-04-04 20:00:00,465.13
2014-04-04 20:10:00,623.864583333
2014-04-04 20:20:00,458.333333333
2014-04-04 20:30:00,345.37
2014-04-04 20:40:00,265.22
2014-04-04 20:50:00,273.15
2014-04-04 21:00:00,409.333333333
2014-04-04 21:10:00,425.297029703
2014-04-04 21:20:00,341.25
2014-04-04 21:30:00,284.38
2014-04-04 21:40:00,386.74
2014-04-04 21:50:00,434.686868687
2014-04-04 22:00:00,407.777777778
2014-04-04 22:10:00,241.08
2014-04-04 22:20:00,273.9
2014-04-04 22:30:00,272.83
2014-04-04 22:40:00,324.26
2014-04-04 22:50:00,268.111111111
2014-04-04 23:00:00,232.346534653
2014-04-04 23:10:00,257.919191919
2014-04-04 23:20:00,262.080808081
2014-04-04 23:30:00,310.148514851
2014-04-04 23:40:00,380.8
2014-04-04 23:50:00,346.66
2014-04-05 00:00:00,292.090909091
2014-04-05 00:10:00,160.65
2014-04-05 00:20:00,196.25
2014-04-05 00:30:00,233.55
2014-04-05 00:40:00,193.71
2014-04-05 00:50:00,213.1
2014-04-05 01:00:00,226.65
2014-04-05 01:10:00,340.17
2014-04-05 01:20:00,326.05
2014-04-05 01:30:00,201.79
2014-04-05 01:40:00,283.72
2014-04-05 01:50:00,400.05
2014-04-05 02:00:00,456.66
2014-04-05 02:10:00,280.7
2014-04-05 02:20:00,192.45
2014-04-05 02:30:00,357.63
2014-04-05 02:40:00,488.97
2014-04-05 02:50:00,479.3
2014-04-05 03:00:00,489.1
2014-04-05 03:10:00,474.98
2014-04-05 03:20:00,462.41
2014-04-05 03:30:00,442.73
2014-04-05 03:40:00,516.42
2014-04-05 03:50:00,514.17
2014-04-05 04:00:00,561.73
2014-04-05 04:10:00,507.19
2014-04-05 04:20:00,570.52
2014-04-05 04:30:00,543.29
2014-04-05 04:40:00,468.26
2014-04-05 04:50:00,407.46
2014-04-05 05:00:00,462.45
2014-04-05 05:10:00,513.38
2014-04-05 05:20:00,567.95
2014-04-05 05:30:00,394.15
2014-04-05 05:40:00,525.65
2014-04-05 05:50:00,416.17
2014-04-05 06:00:00,1421.3
2014-04-05 06:10:00,512.19
2014-04-05 06:20:00,645.96
2014-04-05 06:30:00,602.25
2014-04-05 06:40:00,606.42
2014-04-05 06:50:00,563.171717172
2014-04-05 07:00:00,687.28
2014-04-05 07:10:00,1214.93
2014-04-05 07:20:00,718.38
2014-04-05 07:30:00,614.4
2014-04-05 07:40:00,693.07
2014-04-05 07:50:00,649.17
2014-04-05 08:00:00,1030.88
2014-04-05 08:10:00,682.96
2014-04-05 08:20:00,559.05
2014-04-05 08:30:00,587.2
2014-04-05 08:40:00,516.39
2014-04-05 08:50:00,490.3
2014-04-05 09:00:00,342.02
2014-04-05 09:10:00,318.55
2014-04-05 09:20:00,341.85
2014-04-05 09:30:00,188.99
2014-04-05 09:40:00,281.28
2014-04-05 09:50:00,218.58
2014-04-05 10:00:00,215.95
2014-04-05 10:10:00,206.92
2014-04-05 10:20:00,227.353535354
2014-04-05 10:30:00,2067.34
2014-04-05 10:40:00,1872.58
2014-04-05 10:50:00,732.82
2014-04-05 11:00:00,341.16
2014-04-05 11:10:00,218.49
2014-04-05 11:20:00,268.24
2014-04-05 11:30:00,275.56
2014-04-05 11:40:00,322.85
2014-04-05 11:50:00,872.58
2014-04-05 12:00:00,1643.87
2014-04-05 12:10:00,1317.11
2014-04-05 12:20:00,1565.86
2014-04-05 12:30:00,1725.78
2014-04-05 12:40:00,1605.28
2014-04-05 12:50:00,2251.09
2014-04-05 13:00:00,2311.14736842
2014-04-05 13:10:00,470.24
2014-04-05 13:20:00,465.96
2014-04-05 13:30:00,346.99
2014-04-05 13:40:00,1747.89
2014-04-05 13:50:00,1267.57
2014-04-05 14:00:00,413.58
2014-04-05 14:10:00,404.48
2014-04-05 14:20:00,239.06
2014-04-05 14:30:00,187.62
2014-04-05 14:40:00,168.57
2014-04-05 14:50:00,205.71
2014-04-05 15:00:00,172.75
2014-04-05 15:10:00,1047.66
2014-04-05 15:20:00,1709.7
2014-04-05 15:30:00,248.14
2014-04-05 15:40:00,381.21
2014-04-05 15:50:00,444.64
2014-04-05 16:00:00,738.77
2014-04-05 16:10:00,314.91
2014-04-05 16:20:00,269.51
2014-04-05 16:30:00,343.42
2014-04-05 16:40:00,383.63
2014-04-05 16:50:00,354.91
2014-04-05 17:00:00,268.97
2014-04-05 17:10:00,279.56
2014-04-05 17:20:00,490.373737374
2014-04-05 17:30:00,443.06
2014-04-05 17:40:00,964.96
2014-04-05 17:50:00,1199.49
2014-04-05 18:00:00,3073.83
2014-04-05 18:10:00,2343.84
2014-04-05 18:20:00,2662.36
2014-04-05 18:30:00,1511.76767677
2014-04-05 18:40:00,563.070707071
2014-04-05 18:50:00,380.76
2014-04-05 19:00:00,430.66
2014-04-05 19:10:00,467.69
2014-04-05 19:20:00,542.62
2014-04-05 19:30:00,545.01
2014-04-05 19:40:00,497.75
2014-04-05 19:50:00,435.64
2014-04-05 20:00:00,476.14
2014-04-05 20:10:00,477.14
2014-04-05 20:20:00,435.51
2014-04-05 20:30:00,387.66
2014-04-05 20:40:00,530.09
2014-04-05 20:50:00,640.41
2014-04-05 21:00:00,609.11
2014-04-05 21:10:00,410.72
2014-04-05 21:20:00,397.89
2014-04-05 21:30:00,544.9
2014-04-05 21:40:00,608.62
2014-04-05 21:50:00,535.13
2014-04-05 22:00:00,444.75
2014-04-05 22:10:00,493.72
2014-04-05 22:20:00,703.09
2014-04-05 22:30:00,756.58
2014-04-05 22:40:00,660.59
2014-04-05 22:50:00,574.19
2014-04-05 23:00:00,535.92
2014-04-05 23:10:00,710.848484848
2014-04-05 23:20:00,648.15
2014-04-05 23:30:00,317.01
2014-04-05 23:40:00,270.08
2014-04-05 23:50:00,318.0
2014-04-06 00:00:00,473.17
2014-04-06 00:10:00,433.99
2014-04-06 00:20:00,242.47
2014-04-06 00:30:00,190.78
2014-04-06 00:40:00,209.66
2014-04-06 00:50:00,241.46
2014-04-06 01:00:00,191.46
2014-04-06 01:10:00,178.7
2014-04-06 01:20:00,190.9
2014-04-06 01:30:00,208.48
2014-04-06 01:40:00,300.12
2014-04-06 01:50:00,296.53
2014-04-06 02:00:00,269.17
2014-04-06 02:10:00,189.4
2014-04-06 02:20:00,206.03
2014-04-06 02:30:00,197.47
2014-04-06 02:40:00,220.95
2014-04-06 02:50:00,191.55
2014-04-06 03:00:00,190.06
2014-04-06 03:10:00,186.22
2014-04-06 03:20:00,222.46
2014-04-06 03:30:00,266.92
2014-04-06 03:40:00,493.31
2014-04-06 03:50:00,529.65
2014-04-06 04:00:00,518.39
2014-04-06 04:10:00,557.18
2014-04-06 04:20:00,527.58
2014-04-06 04:30:00,448.03
2014-04-06 04:40:00,425.79
2014-04-06 04:50:00,538.98
2014-04-06 05:00:00,556.78
2014-04-06 05:10:00,542.23
2014-04-06 05:20:00,518.07
2014-04-06 05:30:00,515.11
2014-04-06 05:40:00,647.16
2014-04-06 05:50:00,609.86
2014-04-06 06:00:00,513.010309278
2014-04-06 06:10:00,435.923913043
2014-04-06 06:20:00,2950.25
2014-04-06 06:30:00,2980.3
2014-04-06 06:40:00,1139.77319588
2014-04-06 06:50:00,1142.58585859
2014-04-06 07:00:00,1123.9
2014-04-06 07:10:00,1202.85
2014-04-06 07:20:00,1071.67
2014-04-06 07:30:00,1403.76
2014-04-06 07:40:00,1250.86
2014-04-06 07:50:00,1125.55
2014-04-06 08:00:00,976.16
2014-04-06 08:10:00,474.81
2014-04-06 08:20:00,455.64
2014-04-06 08:30:00,362.78
2014-04-06 08:40:00,315.8
2014-04-06 08:50:00,544.62
2014-04-06 09:00:00,559.26
2014-04-06 09:10:00,626.41
2014-04-06 09:20:00,1099.07
2014-04-06 09:30:00,1087.62
2014-04-06 09:40:00,1120.47
2014-04-06 09:50:00,1196.79
2014-04-06 10:00:00,1180.37
2014-04-06 10:10:00,1177.75
2014-04-06 10:20:00,530.51
2014-04-06 10:30:00,1619.01
2014-04-06 10:40:00,597.14
2014-04-06 10:50:00,557.71
2014-04-06 11:00:00,828.78
2014-04-06 11:10:00,2066.55
2014-04-06 11:20:00,1977.35
2014-04-06 11:30:00,1729.12
2014-04-06 11:40:00,928.15
2014-04-06 11:50:00,512.612244898
2014-04-06 12:00:00,471.93814433
2014-04-06 12:10:00,475.78
2014-04-06 12:20:00,617.42
2014-04-06 12:30:00,684.59
2014-04-06 12:40:00,1197.9
2014-04-06 12:50:00,2400.2
2014-04-06 13:00:00,1114.95
2014-04-06 13:10:00,889.4
2014-04-06 13:20:00,1378.2
2014-04-06 13:30:00,2751.03
2014-04-06 13:40:00,3111.36363636
2014-04-06 13:50:00,877.16
2014-04-06 14:00:00,646.82
2014-04-06 14:10:00,678.73
2014-04-06 14:20:00,545.77
2014-04-06 14:30:00,534.06
2014-04-06 14:40:00,452.58
2014-04-06 14:50:00,384.78
2014-04-06 15:00:00,488.38
2014-04-06 15:10:00,452.77
2014-04-06 15:20:00,340.53
2014-04-06 15:30:00,333.67
2014-04-06 15:40:00,383.96
2014-04-06 15:50:00,380.94
2014-04-06 16:00:00,313.26
2014-04-06 16:10:00,271.6
2014-04-06 16:20:00,359.41
2014-04-06 16:30:00,385.97
2014-04-06 16:40:00,374.45
2014-04-06 16:50:00,306.87
2014-04-06 17:00:00,395.91
2014-04-06 17:10:00,460.28
2014-04-06 17:20:00,441.65
2014-04-06 17:30:00,1256.92
2014-04-06 17:40:00,3479.80808081
2014-04-06 17:50:00,2490.41836735
2014-04-06 18:00:00,599.64
2014-04-06 18:10:00,630.38
2014-04-06 18:20:00,694.848484848
2014-04-06 18:30:00,612.02
2014-04-06 18:40:00,660.9
2014-04-06 18:50:00,820.72
2014-04-06 19:00:00,1209.08
2014-04-06 19:10:00,1102.67
2014-04-06 19:20:00,789.88
2014-04-06 19:30:00,745.84375
2014-04-06 19:40:00,756.48
2014-04-06 19:50:00,732.46
2014-04-06 20:00:00,678.33
2014-04-06 20:10:00,372.1
2014-04-06 20:20:00,335.12
2014-04-06 20:30:00,440.03
2014-04-06 20:40:00,397.09
2014-04-06 20:50:00,255.29
2014-04-06 21:00:00,207.99
2014-04-06 21:10:00,190.691489362
2014-04-06 21:20:00,247.72
2014-04-06 21:30:00,263.666666667
2014-04-06 21:40:00,209.76
2014-04-06 21:50:00,174.14
2014-04-06 22:00:00,301.38
2014-04-06 22:10:00,362.099009901
2014-04-06 22:20:00,310.27
2014-04-06 22:30:00,176.898989899
2014-04-06 22:40:00,160.87
2014-04-06 22:50:00,214.94
2014-04-06 23:00:00,245.23
2014-04-06 23:10:00,216.48
2014-04-06 23:20:00,159.54
2014-04-06 23:30:00,194.16
2014-04-06 23:40:00,334.18
2014-04-06 23:50:00,329.22
2014-04-07 00:00:00,232.16
2014-04-07 00:10:00,193.227722772
2014-04-07 00:20:00,187.091836735
2014-04-07 00:30:00,213.3
2014-04-07 00:40:00,197.01
2014-04-07 00:50:00,221.686868687
2014-04-07 01:00:00,186.49
2014-04-07 01:10:00,186.22
2014-04-07 01:20:00,246.76
2014-04-07 01:30:00,327.2
2014-04-07 01:40:00,311.35
2014-04-07 01:50:00,195.57
2014-04-07 02:00:00,163.91
2014-04-07 02:10:00,221.76
2014-04-07 02:20:00,251.33
2014-04-07 02:30:00,195.24
2014-04-07 02:40:00,158.63
2014-04-07 02:50:00,292.7
2014-04-07 03:00:00,553.49
2014-04-07 03:10:00,642.67
2014-04-07 03:20:00,639.85
2014-04-07 03:30:00,648.376344086
2014-04-07 03:40:00,609.653061224
2014-04-07 03:50:00,646.92
2014-04-07 04:00:00,574.34
2014-04-07 04:10:00,518.51
2014-04-07 04:20:00,561.47
2014-04-07 04:30:00,606.82
2014-04-07 04:40:00,588.111111111
2014-04-07 04:50:00,553.95
2014-04-07 05:00:00,514.11
2014-04-07 05:10:00,495.25
2014-04-07 05:20:00,650.191919192
2014-04-07 05:30:00,420.64
2014-04-07 05:40:00,579.5
2014-04-07 05:50:00,495.71
2014-04-07 06:00:00,629.91
2014-04-07 06:10:00,565.69
2014-04-07 06:20:00,3769.56
2014-04-07 06:30:00,1675.94
2014-04-07 06:40:00,725.18556701
2014-04-07 06:50:00,670.23
2014-04-07 07:00:00,869.05
2014-04-07 07:10:00,898.4
2014-04-07 07:20:00,932.69
2014-04-07 07:30:00,567.944444444
2014-04-07 07:40:00,513.92
2014-04-07 07:50:00,275.48
2014-04-07 08:00:00,264.202020202
2014-04-07 08:10:00,206.6
2014-04-07 08:20:00,181.59375
2014-04-07 08:30:00,382.306122449
2014-04-07 08:40:00,722.510638298
2014-04-07 08:50:00,2480.33
2014-04-07 09:00:00,1149.25274725
2014-04-07 09:10:00,606.31
2014-04-07 09:20:00,473.701030928
2014-04-07 09:30:00,469.272727273
2014-04-07 09:40:00,405.273684211
2014-04-07 09:50:00,448.575757576
2014-04-07 10:00:00,395.670103093
2014-04-07 10:10:00,392.424242424
2014-04-07 10:20:00,1053.27835052
2014-04-07 10:30:00,1040.34343434
2014-04-07 10:40:00,1112.05
2014-04-07 10:50:00,1526.4
2014-04-07 11:00:00,1025.79
2014-04-07 11:10:00,739.03
2014-04-07 11:20:00,2484.61
2014-04-07 11:30:00,1847.78
2014-04-07 11:40:00,658.41
2014-04-07 11:50:00,569.49
2014-04-07 12:00:00,567.52
2014-04-07 12:10:00,601.0
2014-04-07 12:20:00,591.37755102
2014-04-07 12:30:00,618.010416667
2014-04-07 12:40:00,619.64
2014-04-07 12:50:00,877.343434343
2014-04-07 13:00:00,347.656565657
2014-04-07 13:10:00,311.23
2014-04-07 13:20:00,214.626262626
2014-04-07 13:30:00,215.888888889
2014-04-07 13:40:00,305.1
2014-04-07 13:50:00,325.693069307
2014-04-07 14:00:00,288.22
2014-04-07 14:10:00,212.31
2014-04-07 14:20:00,243.113402062
2014-04-07 14:30:00,446.53
2014-04-07 14:40:00,1455.23157895
2014-04-07 14:50:00,462.775510204
2014-04-07 15:00:00,293.343434343
2014-04-07 15:10:00,1096.0
2014-04-07 15:20:00,1793.35
2014-04-07 15:30:00,2470.18085106
2014-04-07 15:40:00,2805.28282828
2014-04-07 15:50:00,1548.41237113
2014-04-07 16:00:00,1663.48421053
2014-04-07 16:10:00,1761.20408163
2014-04-07 16:20:00,3336.46464646
2014-04-07 16:30:00,2575.34343434
2014-04-07 16:40:00,1241.42857143
2014-04-07 16:50:00,675.55
2014-04-07 17:00:00,659.653061224
2014-04-07 17:10:00,696.680412371
2014-04-07 17:20:00,757.618556701
2014-04-07 17:30:00,729.919191919
2014-04-07 17:40:00,733.21875
2014-04-07 17:50:00,694.785714286
2014-04-07 18:00:00,730.577319588
2014-04-07 18:10:00,793.265306122
2014-04-07 18:20:00,919.404040404
2014-04-07 18:30:00,899.268041237
2014-04-07 18:40:00,863.626262626
2014-04-07 18:50:00,900.95959596
2014-04-07 19:00:00,858.91
2014-04-07 19:10:00,520.89
2014-04-07 19:20:00,604.47
2014-04-07 19:30:00,606.21
2014-04-07 19:40:00,513.77
2014-04-07 19:50:00,485.24
2014-04-07 20:00:00,432.93
2014-04-07 20:10:00,388.38
2014-04-07 20:20:00,500.55
2014-04-07 20:30:00,597.48
2014-04-07 20:40:00,562.36
2014-04-07 20:50:00,523.303030303
2014-04-07 21:00:00,440.910891089
2014-04-07 21:10:00,424.84
2014-04-07 21:20:00,329.4
2014-04-07 21:30:00,278.8
2014-04-07 21:40:00,262.49
2014-04-07 21:50:00,261.48
2014-04-07 22:00:00,251.36
2014-04-07 22:10:00,273.33
2014-04-07 22:20:00,315.262626263
2014-04-07 22:30:00,256.18
2014-04-07 22:40:00,236.868686869
2014-04-07 22:50:00,313.080808081
2014-04-07 23:00:00,430.85
2014-04-07 23:10:00,435.21
2014-04-07 23:20:00,260.414141414
2014-04-07 23:30:00,190.84
2014-04-07 23:40:00,214.36
2014-04-07 23:50:00,311.27
2014-04-08 00:00:00,302.43
2014-04-08 00:10:00,196.03
2014-04-08 00:20:00,170.645833333
2014-04-08 00:30:00,190.224489796
2014-04-08 00:40:00,244.51
2014-04-08 00:50:00,190.39
2014-04-08 01:00:00,163.161616162
2014-04-08 01:10:00,185.4
2014-04-08 01:20:00,298.28
2014-04-08 01:30:00,288.49
2014-04-08 01:40:00,280.96
2014-04-08 01:50:00,185.07
2014-04-08 02:00:00,181.3
2014-04-08 02:10:00,165.8
2014-04-08 02:20:00,223.97
2014-04-08 02:30:00,227.79
2014-04-08 02:40:00,376.29
2014-04-08 02:50:00,407.55
2014-04-08 03:00:00,466.46
2014-04-08 03:10:00,540.48
2014-04-08 03:20:00,490.59
2014-04-08 03:30:00,409.18
2014-04-08 03:40:00,447.87
2014-04-08 03:50:00,579.08
2014-04-08 04:00:00,609.29
2014-04-08 04:10:00,522.9
2014-04-08 04:20:00,475.99
2014-04-08 04:30:00,468.51
2014-04-08 04:40:00,489.35
2014-04-08 04:50:00,478.45
2014-04-08 05:00:00,474.75
2014-04-08 05:10:00,1295.17
2014-04-08 05:20:00,566.8
2014-04-08 05:30:00,634.777777778
2014-04-08 05:40:00,584.01980198
2014-04-08 05:50:00,555.62
2014-04-08 06:00:00,486.29
2014-04-08 06:10:00,614.02
2014-04-08 06:20:00,888.16
2014-04-08 06:30:00,2592.34
2014-04-08 06:40:00,678.48
2014-04-08 06:50:00,652.32
2014-04-08 07:00:00,622.744680851
2014-04-08 07:10:00,622.95
2014-04-08 07:20:00,510.91
2014-04-08 07:30:00,537.05
2014-04-08 07:40:00,587.363636364
2014-04-08 07:50:00,339.21
2014-04-08 08:00:00,1534.46464646
2014-04-08 08:10:00,1496.47474747
2014-04-08 08:20:00,1465.44444444
2014-04-08 08:30:00,2984.07
2014-04-08 08:40:00,2832.21212121
2014-04-08 08:50:00,732.104166667
2014-04-08 09:00:00,752.453608247
2014-04-08 09:10:00,713.535353535
2014-04-08 09:20:00,731.397959184
2014-04-08 09:30:00,419.75
2014-04-08 09:40:00,376.96
2014-04-08 09:50:00,372.959183673
2014-04-08 10:00:00,458.56
2014-04-08 10:10:00,271.705263158
2014-04-08 10:20:00,256.24742268
2014-04-08 10:30:00,300.707070707
2014-04-08 10:40:00,294.092783505
2014-04-08 10:50:00,278.177083333
2014-04-08 11:00:00,809.010526316
2014-04-08 11:10:00,1167.23958333
2014-04-08 11:20:00,1013.82291667
2014-04-08 11:30:00,229.313131313
2014-04-08 11:40:00,327.947368421
2014-04-08 11:50:00,320.795918367
2014-04-08 12:00:00,223.515789474
2014-04-08 12:10:00,185.412371134
2014-04-08 12:20:00,797.551020408
2014-04-08 12:30:00,868.734693878
2014-04-08 12:40:00,1913.17894737
2014-04-08 12:50:00,1212.92
2014-04-08 13:00:00,1185.8
2014-04-08 13:10:00,490.252525253
2014-04-08 13:20:00,299.277227723
2014-04-08 13:30:00,396.04040404
2014-04-08 13:40:00,1224.93814433
2014-04-08 13:50:00,2464.65656566
2014-04-08 14:00:00,1698.92857143
2014-04-08 14:10:00,727.53125
2014-04-08 14:20:00,636.43
2014-04-08 14:30:00,645.642105263
2014-04-08 14:40:00,599.231578947
2014-04-08 14:50:00,483.75257732
2014-04-08 15:00:00,403.568421053
2014-04-08 15:10:00,377.224489796
2014-04-08 15:20:00,690.808080808
2014-04-08 15:30:00,288.474226804
2014-04-08 15:40:00,357.105263158
2014-04-08 15:50:00,326.747474747
2014-04-08 16:00:00,257.824742268
2014-04-08 16:10:00,268.571428571
2014-04-08 16:20:00,1928.73737374
2014-04-08 16:30:00,2170.3877551
2014-04-08 16:40:00,1512.48484848
2014-04-08 16:50:00,1250.24
2014-04-08 17:00:00,1338.39583333
2014-04-08 17:10:00,931.545454545
2014-04-08 17:20:00,541.173469388
2014-04-08 17:30:00,391.762886598
2014-04-08 17:40:00,475.787878788
2014-04-08 17:50:00,528.367346939
2014-04-08 18:00:00,370.64
2014-04-08 18:10:00,331.444444444
2014-04-08 18:20:00,1614.38
2014-04-08 18:30:00,2328.62
2014-04-08 18:40:00,1798.61
2014-04-08 18:50:00,2509.44444444
2014-04-08 19:00:00,1018.51
2014-04-08 19:10:00,2384.85
2014-04-08 19:20:00,1524.2
2014-04-08 19:30:00,917.36
2014-04-08 19:40:00,832.48
2014-04-08 19:50:00,775.41
2014-04-08 20:00:00,590.02
2014-04-08 20:10:00,807.647727273
2014-04-08 20:20:00,1096.71428571
2014-04-08 20:30:00,423.370786517
2014-04-08 20:40:00,374.684210526
2014-04-08 20:50:00,410.172413793
2014-04-08 21:00:00,562.031578947
2014-04-08 21:10:00,494.966666667
2014-04-08 21:20:00,345.511363636
2014-04-08 21:30:00,315.619047619
2014-04-08 21:40:00,396.023529412
2014-04-08 21:50:00,431.033707865
2014-04-08 22:00:00,391.430107527
2014-04-08 22:10:00,342.831460674
2014-04-08 22:20:00,428.311111111
2014-04-08 22:30:00,341.336842105
2014-04-08 22:40:00,270.693181818
2014-04-08 22:50:00,209.292134831
2014-04-08 23:00:00,249.142857143
2014-04-08 23:10:00,322.432989691
2014-04-08 23:20:00,273.388888889
2014-04-08 23:30:00,224.776595745
2014-04-08 23:40:00,243.840909091
2014-04-08 23:50:00,262.516129032
2014-04-09 00:00:00,260.215909091
2014-04-09 00:10:00,273.454545455
2014-04-09 00:20:00,245.468085106
2014-04-09 00:30:00,354.577777778
2014-04-09 00:40:00,380.958333333
2014-04-09 00:50:00,430.802325581
2014-04-09 01:00:00,308.357894737
2014-04-09 01:10:00,177.929411765
2014-04-09 01:20:00,165.294736842
2014-04-09 01:30:00,239.284090909
2014-04-09 01:40:00,233.111111111
2014-04-09 01:50:00,167.8
2014-04-09 02:00:00,156.322222222
2014-04-09 02:10:00,227.222222222
2014-04-09 02:20:00,510.402173913
2014-04-09 02:30:00,465.907216495
2014-04-09 02:40:00,412.681818182
2014-04-09 02:50:00,478.926829268
2014-04-09 03:00:00,545.85106383
2014-04-09 03:10:00,598.020618557
2014-04-09 03:20:00,511.471264368
2014-04-09 03:30:00,564.384615385
2014-04-09 03:40:00,529.123595506
2014-04-09 03:50:00,496.88372093
2014-04-09 04:00:00,435.057471264
2014-04-09 04:10:00,476.202247191
2014-04-09 04:20:00,478.9375
2014-04-09 04:30:00,491.198019802
2014-04-09 04:40:00,490.474226804
2014-04-09 04:50:00,434.54
2014-04-09 05:00:00,437.12
2014-04-09 05:10:00,326.47
2014-04-09 05:20:00,500.48
2014-04-09 05:30:00,443.08
2014-04-09 05:40:00,539.71
2014-04-09 05:50:00,564.82
2014-04-09 06:00:00,786.77
2014-04-09 06:10:00,796.949367089
2014-04-09 06:20:00,641.703296703
2014-04-09 06:30:00,2389.53012048
2014-04-09 06:40:00,1127.40625
2014-04-09 06:50:00,790.872093023
2014-04-09 07:00:00,530.965909091
2014-04-09 07:10:00,463.356521739
2014-04-09 07:20:00,317.52
2014-04-09 07:30:00,425.52
2014-04-09 07:40:00,564.37
2014-04-09 07:50:00,675.29
2014-04-09 08:00:00,2414.27
2014-04-09 08:10:00,1556.92
2014-04-09 08:20:00,656.4
2014-04-09 08:30:00,603.255102041
2014-04-09 08:40:00,629.797979798
2014-04-09 08:50:00,471.35
2014-04-09 09:00:00,380.797979798
2014-04-09 09:10:00,398.93877551
2014-04-09 09:20:00,410.34
2014-04-09 09:30:00,717.53125
2014-04-09 09:40:00,702.259259259
2014-04-09 09:50:00,551.579545455
2014-04-09 10:00:00,901.692307692
2014-04-09 10:10:00,1181.14
2014-04-09 10:20:00,1169.55208333
2014-04-09 10:30:00,1221.43434343
2014-04-09 10:40:00,1568.06185567
2014-04-09 10:50:00,1364.52525253
2014-04-09 11:00:00,1590.61
2014-04-09 11:10:00,619.202020202
2014-04-09 11:20:00,576.151515152
2014-04-09 11:30:00,477.888888889
2014-04-09 11:40:00,263.37755102
2014-04-09 11:50:00,210.05952381
2014-04-09 12:00:00,285.266666667
2014-04-09 12:10:00,361.887755102
2014-04-09 12:20:00,605.97979798
2014-04-09 12:30:00,1593.44329897
2014-04-09 12:40:00,2192.11
2014-04-09 12:50:00,488.4
2014-04-09 13:00:00,437.848484848
2014-04-09 13:10:00,406.76
2014-04-09 13:20:00,456.795918367
2014-04-09 13:30:00,480.56
2014-04-09 13:40:00,573.463917526
2014-04-09 13:50:00,505.74
2014-04-09 14:00:00,747.62
2014-04-09 14:10:00,486.316326531
2014-04-09 14:20:00,298.0
2014-04-09 14:30:00,743.391752577
2014-04-09 14:40:00,351.852631579
2014-04-09 14:50:00,423.857142857
2014-04-09 15:00:00,410.530612245
2014-04-09 15:10:00,440.546391753
2014-04-09 15:20:00,367.010526316
2014-04-09 15:30:00,358.989690722
2014-04-09 15:40:00,456.87
2014-04-09 15:50:00,460.606060606
2014-04-09 16:00:00,1244.96842105
2014-04-09 16:10:00,2630.39393939
2014-04-09 16:20:00,3052.08080808
2014-04-09 16:30:00,1611.42857143
2014-04-09 16:40:00,1632.97
2014-04-09 16:50:00,1045.48
2014-04-09 17:00:00,2486.18
2014-04-09 17:10:00,2210.6626506
2014-04-09 17:20:00,2451.2371134
2014-04-09 17:30:00,2214.88888889
2014-04-09 17:40:00,755.387096774
2014-04-09 17:50:00,817.71
2014-04-09 18:00:00,877.57
2014-04-09 18:10:00,855.41
2014-04-09 18:20:00,878.64
2014-04-09 18:30:00,960.111111111
2014-04-09 18:40:00,927.414141414
2014-04-09 18:50:00,874.77
2014-04-09 19:00:00,837.15
2014-04-09 19:10:00,1982.51
2014-04-09 19:20:00,1981.19
2014-04-09 19:30:00,2049.57
2014-04-09 19:40:00,2493.03
2014-04-09 19:50:00,942.87
2014-04-09 20:00:00,894.5
2014-04-09 20:10:00,1030.30526316
2014-04-09 20:20:00,1834.12871287
2014-04-09 20:30:00,2127.58
2014-04-09 20:40:00,755.89
2014-04-09 20:50:00,742.74
2014-04-09 21:00:00,900.36
2014-04-09 21:10:00,560.72
2014-04-09 21:20:00,463.363636364
2014-04-09 21:30:00,294.3
2014-04-09 21:40:00,266.891089109
2014-04-09 21:50:00,271.45
2014-04-09 22:00:00,283.25
2014-04-09 22:10:00,294.19
2014-04-09 22:20:00,300.57
2014-04-09 22:30:00,275.67
2014-04-09 22:40:00,245.58
2014-04-09 22:50:00,219.32
2014-04-09 23:00:00,286.1
2014-04-09 23:10:00,322.73
2014-04-09 23:20:00,271.91
2014-04-09 23:30:00,338.89
2014-04-09 23:40:00,387.808080808
2014-04-09 23:50:00,453.138613861
2014-04-10 00:00:00,304.67
2014-04-10 00:10:00,190.81
2014-04-10 00:20:00,227.070707071
2014-04-10 00:30:00,287.810526316
2014-04-10 00:40:00,308.16
2014-04-10 00:50:00,199.75
2014-04-10 01:00:00,174.43
2014-04-10 01:10:00,187.51
2014-04-10 01:20:00,234.2
2014-04-10 01:30:00,193.51
2014-04-10 01:40:00,200.41
2014-04-10 01:50:00,186.86
2014-04-10 02:00:00,243.323232323
2014-04-10 02:10:00,302.683673469
2014-04-10 02:20:00,634.89
2014-04-10 02:30:00,524.36
2014-04-10 02:40:00,453.17
2014-04-10 02:50:00,414.07
2014-04-10 03:00:00,526.22
2014-04-10 03:10:00,547.94
2014-04-10 03:20:00,470.01
2014-04-10 03:30:00,419.9
2014-04-10 03:40:00,472.71
2014-04-10 03:50:00,548.49
2014-04-10 04:00:00,519.39
2014-04-10 04:10:00,418.585858586
2014-04-10 04:20:00,464.58
2014-04-10 04:30:00,494.474747475
2014-04-10 04:40:00,621.39
2014-04-10 04:50:00,577.42
2014-04-10 05:00:00,559.36
2014-04-10 05:10:00,490.93
2014-04-10 05:20:00,576.49
2014-04-10 05:30:00,462.89
2014-04-10 05:40:00,593.31
2014-04-10 05:50:00,421.11
2014-04-10 06:00:00,492.95
2014-04-10 06:10:00,421.01
2014-04-10 06:20:00,706.7
2014-04-10 06:30:00,588.64
2014-04-10 06:40:00,1309.21428571
2014-04-10 06:50:00,491.17
2014-04-10 07:00:00,264.03
2014-04-10 07:10:00,418.42
2014-04-10 07:20:00,392.51
2014-04-10 07:30:00,360.84
2014-04-10 07:40:00,198.87
2014-04-10 07:50:00,309.67
2014-04-10 08:00:00,260.757575758
2014-04-10 08:10:00,293.515151515
2014-04-10 08:20:00,506.01
2014-04-10 08:30:00,444.422680412
2014-04-10 08:40:00,431.969387755
2014-04-10 08:50:00,415.791666667
2014-04-10 09:00:00,342.723404255
2014-04-10 09:10:00,434.755102041
2014-04-10 09:20:00,545.114583333
2014-04-10 09:30:00,974.102040816
2014-04-10 09:40:00,1523.34736842
2014-04-10 09:50:00,3120.21052632
2014-04-10 10:00:00,1284.19587629
2014-04-10 10:10:00,748.616161616
2014-04-10 10:20:00,752.55
2014-04-10 10:30:00,718.939393939
2014-04-10 10:40:00,1926.78
2014-04-10 10:50:00,1190.97
2014-04-10 11:00:00,1229.87
2014-04-10 11:10:00,1503.61
2014-04-10 11:20:00,1347.91
2014-04-10 11:30:00,1469.09278351
2014-04-10 11:40:00,1093.74489796
2014-04-10 11:50:00,1069.61616162
2014-04-10 12:00:00,1109.13684211
2014-04-10 12:10:00,1281.54166667
2014-04-10 12:20:00,1082.31632653
2014-04-10 12:30:00,967.232323232
2014-04-10 12:40:00,3103.06060606
2014-04-10 12:50:00,2630.43157895
2014-04-10 13:00:00,1518.87628866
2014-04-10 13:10:00,462.073684211
2014-04-10 13:20:00,426.515463918
2014-04-10 13:30:00,783.276595745
2014-04-10 13:40:00,959.129032258
2014-04-10 13:50:00,477.565217391
2014-04-10 14:00:00,397.546391753
2014-04-10 14:10:00,378.37755102
2014-04-10 14:20:00,453.676767677
2014-04-10 14:30:00,553.193877551
2014-04-10 14:40:00,742.85
2014-04-10 14:50:00,1172.93
2014-04-10 15:00:00,2407.46
2014-04-10 15:10:00,1086.83673469
2014-04-10 15:20:00,704.35
2014-04-10 15:30:00,652.464646465
2014-04-10 15:40:00,1787.33333333
2014-04-10 15:50:00,2105.51546392
2014-04-10 16:00:00,715.239583333
2014-04-10 16:10:00,558.96969697
2014-04-10 16:20:00,651.686868687
2014-04-10 16:30:00,628.22
2014-04-10 16:40:00,622.939393939
2014-04-10 16:50:00,857.747368421
2014-04-10 17:00:00,2329.16666667
2014-04-10 17:10:00,1729.94791667
2014-04-10 17:20:00,1561.69387755
2014-04-10 17:30:00,1454.54255319
2014-04-10 17:40:00,1575.30208333
2014-04-10 17:50:00,999.432989691
2014-04-10 18:00:00,1014.28723404
2014-04-10 18:10:00,931.397849462
2014-04-10 18:20:00,767.372340426
2014-04-10 18:30:00,879.104166667
2014-04-10 18:40:00,1255.36082474
2014-04-10 18:50:00,395.623655914
2014-04-10 19:00:00,378.583333333
2014-04-10 19:10:00,446.810526316
2014-04-10 19:20:00,531.010416667
2014-04-10 19:30:00,569.908163265
2014-04-10 19:40:00,553.66
2014-04-10 19:50:00,896.727272727
2014-04-10 20:00:00,527.05
2014-04-10 20:10:00,518.83
2014-04-10 20:20:00,463.57
2014-04-10 20:30:00,388.77
2014-04-10 20:40:00,451.26
2014-04-10 20:50:00,511.191919192
2014-04-10 21:00:00,446.13
2014-04-10 21:10:00,417.83
2014-04-10 21:20:00,468.46
2014-04-10 21:30:00,553.62
2014-04-10 21:40:00,515.41
2014-04-10 21:50:00,382.22
2014-04-10 22:00:00,365.92
2014-04-10 22:10:00,331.58
2014-04-10 22:20:00,319.74
2014-04-10 22:30:00,332.27
2014-04-10 22:40:00,383.97
2014-04-10 22:50:00,360.78
2014-04-10 23:00:00,302.58
2014-04-10 23:10:00,265.0
2014-04-10 23:20:00,514.03
2014-04-10 23:30:00,549.96
2014-04-10 23:40:00,420.81
2014-04-10 23:50:00,254.48
2014-04-11 00:00:00,289.93
2014-04-11 00:10:00,370.32
2014-04-11 00:20:00,385.21
2014-04-11 00:30:00,272.93
2014-04-11 00:40:00,203.505050505
2014-04-11 00:50:00,221.93
2014-04-11 01:00:00,261.17
2014-04-11 01:10:00,344.03
2014-04-11 01:20:00,374.14
2014-04-11 01:30:00,325.53
2014-04-11 01:40:00,202.07
2014-04-11 01:50:00,222.94
2014-04-11 02:00:00,449.39
2014-04-11 02:10:00,578.56
2014-04-11 02:20:00,504.27
2014-04-11 02:30:00,469.65
2014-04-11 02:40:00,573.86
2014-04-11 02:50:00,617.69
2014-04-11 03:00:00,553.58
2014-04-11 03:10:00,572.52
2014-04-11 03:20:00,645.34
2014-04-11 03:30:00,687.61
2014-04-11 03:40:00,582.19
2014-04-11 03:50:00,513.73
2014-04-11 04:00:00,538.86
2014-04-11 04:10:00,540.79
2014-04-11 04:20:00,543.62
2014-04-11 04:30:00,555.34
2014-04-11 04:40:00,470.49
2014-04-11 04:50:00,511.2
2014-04-11 05:00:00,339.67
2014-04-11 05:10:00,641.78
2014-04-11 05:20:00,725.27
2014-04-11 05:30:00,773.97
2014-04-11 05:40:00,556.42
2014-04-11 05:50:00,558.49
2014-04-11 06:00:00,633.75
2014-04-11 06:10:00,694.87
2014-04-11 06:20:00,492.67
2014-04-11 06:30:00,1125.15
2014-04-11 06:40:00,2229.98989899
2014-04-11 06:50:00,1164.74
2014-04-11 07:00:00,626.11
2014-04-11 07:10:00,731.93
2014-04-11 07:20:00,759.13
2014-04-11 07:30:00,792.19
2014-04-11 07:40:00,687.97
2014-04-11 07:50:00,779.62
2014-04-11 08:00:00,3335.18
2014-04-11 08:10:00,3313.38
2014-04-11 08:20:00,987.78
2014-04-11 08:30:00,627.163265306
2014-04-11 08:40:00,1558.62
2014-04-11 08:50:00,2154.22
2014-04-11 09:00:00,508.887755102
2014-04-11 09:10:00,551.83
2014-04-11 09:20:00,641.897959184
2014-04-11 09:30:00,746.838383838
2014-04-11 09:40:00,500.32
2014-04-11 09:50:00,262.55
2014-04-11 10:00:00,288.484848485
2014-04-11 10:10:00,653.93877551
2014-04-11 10:20:00,691.639175258
2014-04-11 10:30:00,819.104166667
2014-04-11 10:40:00,305.65625
2014-04-11 10:50:00,275.091836735
2014-04-11 11:00:00,665.291666667
2014-04-11 11:10:00,291.505050505
2014-04-11 11:20:00,434.778947368
2014-04-11 11:30:00,431.159574468
2014-04-11 11:40:00,439.291666667
2014-04-11 11:50:00,400.62244898
2014-04-11 12:00:00,2509.23404255
2014-04-11 12:10:00,1951.59139785
2014-04-11 12:20:00,1020.27368421
2014-04-11 12:30:00,549.979166667
2014-04-11 12:40:00,572.791666667
2014-04-11 12:50:00,661.265306122
2014-04-11 13:00:00,479.244897959
2014-04-11 13:10:00,562.469387755
2014-04-11 13:20:00,562.113402062
2014-04-11 13:30:00,698.5
2014-04-11 13:40:00,258.597938144
2014-04-11 13:50:00,208.147368421
2014-04-11 14:00:00,213.106382979
2014-04-11 14:10:00,212.531914894
2014-04-11 14:20:00,237.183673469
2014-04-11 14:30:00,215.489795918
2014-04-11 14:40:00,261.484536082
2014-04-11 14:50:00,316.316831683
2014-04-11 15:00:00,293.595959596
2014-04-11 15:10:00,348.15
2014-04-11 15:20:00,502.86
2014-04-11 15:30:00,521.939393939
2014-04-11 15:40:00,390.435643564
2014-04-11 15:50:00,249.747474747
2014-04-11 16:00:00,289.617021277
2014-04-11 16:10:00,358.807228916
2014-04-11 16:20:00,357.356435644
2014-04-11 16:30:00,266.90625
2014-04-11 16:40:00,233.888888889
2014-04-11 16:50:00,327.048192771
2014-04-11 17:00:00,354.08974359
2014-04-11 17:10:00,332.306818182
2014-04-11 17:20:00,281.494845361
2014-04-11 17:30:00,418.564705882
2014-04-11 17:40:00,454.741935484
2014-04-11 17:50:00,417.895348837
2014-04-11 18:00:00,286.722222222
2014-04-11 18:10:00,290.222222222
2014-04-11 18:20:00,272.278350515
2014-04-11 18:30:00,300.08
2014-04-11 18:40:00,615.111111111
2014-04-11 18:50:00,718.82
2014-04-11 19:00:00,1458.0
2014-04-11 19:10:00,570.89
2014-04-11 19:20:00,617.72
2014-04-11 19:30:00,673.909090909
2014-04-11 19:40:00,721.13
2014-04-11 19:50:00,582.68
2014-04-11 20:00:00,416.363636364
2014-04-11 20:10:00,499.89
2014-04-11 20:20:00,1009.43
2014-04-11 20:30:00,553.64
2014-04-11 20:40:00,441.83
2014-04-11 20:50:00,481.12
2014-04-11 21:00:00,529.92
2014-04-11 21:10:00,512.747474747
2014-04-11 21:20:00,388.08
2014-04-11 21:30:00,383.54
2014-04-11 21:40:00,419.064516129
2014-04-11 21:50:00,459.09
2014-04-11 22:00:00,350.536082474
2014-04-11 22:10:00,282.989473684
2014-04-11 22:20:00,266.354166667
2014-04-11 22:30:00,291.602040816
2014-04-11 22:40:00,339.9
2014-04-11 22:50:00,280.64
2014-04-11 23:00:00,259.53
2014-04-11 23:10:00,266.717171717
2014-04-11 23:20:00,295.66
2014-04-11 23:30:00,287.612244898
2014-04-11 23:40:00,334.1
2014-04-11 23:50:00,284.99
2014-04-12 00:00:00,212.95
2014-04-12 00:10:00,195.47
2014-04-12 00:20:00,235.58
2014-04-12 00:30:00,232.98
2014-04-12 00:40:00,194.44
2014-04-12 00:50:00,168.63
2014-04-12 01:00:00,235.82
2014-04-12 01:10:00,263.421052632
2014-04-12 01:20:00,214.45
2014-04-12 01:30:00,165.64
2014-04-12 01:40:00,278.15
2014-04-12 01:50:00,369.32
2014-04-12 02:00:00,346.28
2014-04-12 02:10:00,182.78
2014-04-12 02:20:00,193.57
2014-04-12 02:30:00,236.42
2014-04-12 02:40:00,313.84
2014-04-12 02:50:00,497.32
2014-04-12 03:00:00,493.55
2014-04-12 03:10:00,506.96
2014-04-12 03:20:00,537.9
2014-04-12 03:30:00,514.99
2014-04-12 03:40:00,532.2
2014-04-12 03:50:00,504.49
2014-04-12 04:00:00,572.49
2014-04-12 04:10:00,614.29
2014-04-12 04:20:00,668.87
2014-04-12 04:30:00,523.89
2014-04-12 04:40:00,464.72
2014-04-12 04:50:00,465.68
2014-04-12 05:00:00,1156.21
2014-04-12 05:10:00,719.65
2014-04-12 05:20:00,597.03
2014-04-12 05:30:00,619.6
2014-04-12 05:40:00,678.17
2014-04-12 05:50:00,804.5
2014-04-12 06:00:00,1256.72
2014-04-12 06:10:00,609.75
2014-04-12 06:20:00,604.12371134
2014-04-12 06:30:00,831.274509804
2014-04-12 06:40:00,854.07
2014-04-12 06:50:00,3216.22
2014-04-12 07:00:00,1176.29591837
2014-04-12 07:10:00,617.8
2014-04-12 07:20:00,653.62
2014-04-12 07:30:00,630.17
2014-04-12 07:40:00,519.19
2014-04-12 07:50:00,201.95
2014-04-12 08:00:00,214.61
2014-04-12 08:10:00,249.86
2014-04-12 08:20:00,272.68
2014-04-12 08:30:00,284.34
2014-04-12 08:40:00,251.72
2014-04-12 08:50:00,325.92
2014-04-12 09:00:00,422.97
2014-04-12 09:10:00,286.2
2014-04-12 09:20:00,235.56
2014-04-12 09:30:00,171.15
2014-04-12 09:40:00,265.98
2014-04-12 09:50:00,292.66
2014-04-12 10:00:00,233.23
2014-04-12 10:10:00,213.94
2014-04-12 10:20:00,242.36
2014-04-12 10:30:00,412.99
2014-04-12 10:40:00,514.95
2014-04-12 10:50:00,1496.43
2014-04-12 11:00:00,1172.63
2014-04-12 11:10:00,1267.49
2014-04-12 11:20:00,1218.91919192
2014-04-12 11:30:00,1011.5
2014-04-12 11:40:00,1412.03
2014-04-12 11:50:00,1839.85
2014-04-12 12:00:00,1619.47
2014-04-12 12:10:00,2529.3
2014-04-12 12:20:00,761.32
2014-04-12 12:30:00,1040.57
2014-04-12 12:40:00,945.72
2014-04-12 12:50:00,899.81
2014-04-12 13:00:00,2343.7
2014-04-12 13:10:00,1140.51
2014-04-12 13:20:00,625.85
2014-04-12 13:30:00,721.84
2014-04-12 13:40:00,2133.75
2014-04-12 13:50:00,2725.52
2014-04-12 14:00:00,1614.1
2014-04-12 14:10:00,1359.12
2014-04-12 14:20:00,1536.95
2014-04-12 14:30:00,1447.79
2014-04-12 14:40:00,1418.97
2014-04-12 14:50:00,846.27
2014-04-12 15:00:00,1151.38
2014-04-12 15:10:00,1970.6
2014-04-12 15:20:00,1298.12121212
2014-04-12 15:30:00,2019.18
2014-04-12 15:40:00,2044.06
2014-04-12 15:50:00,1642.75
2014-04-12 16:00:00,1220.97959184
2014-04-12 16:10:00,1220.34693878
2014-04-12 16:20:00,1373.01
2014-04-12 16:30:00,1660.26
2014-04-12 16:40:00,1514.14
2014-04-12 16:50:00,1410.02
2014-04-12 17:00:00,1034.56
2014-04-12 17:10:00,1079.7
2014-04-12 17:20:00,691.39
2014-04-12 17:30:00,587.75
2014-04-12 17:40:00,474.1
2014-04-12 17:50:00,471.86
2014-04-12 18:00:00,486.27
2014-04-12 18:10:00,502.21
2014-04-12 18:20:00,691.121212121
2014-04-12 18:30:00,750.12
2014-04-12 18:40:00,1917.79
2014-04-12 18:50:00,2291.46
2014-04-12 19:00:00,1197.36
2014-04-12 19:10:00,785.28
2014-04-12 19:20:00,700.64
2014-04-12 19:30:00,668.28
2014-04-12 19:40:00,731.98
2014-04-12 19:50:00,753.27
2014-04-12 20:00:00,738.86
2014-04-12 20:10:00,791.83
2014-04-12 20:20:00,611.91
2014-04-12 20:30:00,714.68
2014-04-12 20:40:00,654.12
2014-04-12 20:50:00,556.09
2014-04-12 21:00:00,454.6
2014-04-12 21:10:00,412.58
2014-04-12 21:20:00,420.51
2014-04-12 21:30:00,355.35
2014-04-12 21:40:00,360.82
2014-04-12 21:50:00,329.74
2014-04-12 22:00:00,327.68
2014-04-12 22:10:00,306.46
2014-04-12 22:20:00,357.82
2014-04-12 22:30:00,403.14
2014-04-12 22:40:00,295.22
2014-04-12 22:50:00,224.1
2014-04-12 23:00:00,217.1
2014-04-12 23:10:00,270.747368421
2014-04-12 23:20:00,258.58
2014-04-12 23:30:00,179.9
2014-04-12 23:40:00,199.83
2014-04-12 23:50:00,301.4
2014-04-13 00:00:00,369.66
2014-04-13 00:10:00,335.65
2014-04-13 00:20:00,180.626262626
2014-04-13 00:30:00,194.03
2014-04-13 00:40:00,211.44
2014-04-13 00:50:00,242.82
2014-04-13 01:00:00,202.21
2014-04-13 01:10:00,197.56
2014-04-13 01:20:00,202.16
2014-04-13 01:30:00,182.85
2014-04-13 01:40:00,205.85
2014-04-13 01:50:00,251.97
2014-04-13 02:00:00,204.75
2014-04-13 02:10:00,182.26
2014-04-13 02:20:00,171.67
2014-04-13 02:30:00,264.8
2014-04-13 02:40:00,248.6
2014-04-13 02:50:00,172.85
2014-04-13 03:00:00,207.14
2014-04-13 03:10:00,521.19
2014-04-13 03:20:00,647.13
2014-04-13 03:30:00,613.27
2014-04-13 03:40:00,555.94
2014-04-13 03:50:00,599.93
2014-04-13 04:00:00,521.42
2014-04-13 04:10:00,514.71
2014-04-13 04:20:00,522.35
2014-04-13 04:30:00,510.4
2014-04-13 04:40:00,489.33
2014-04-13 04:50:00,464.99
2014-04-13 05:00:00,561.44
2014-04-13 05:10:00,605.38
2014-04-13 05:20:00,574.39
2014-04-13 05:30:00,528.57
2014-04-13 05:40:00,559.92
2014-04-13 05:50:00,652.252525253
2014-04-13 06:00:00,421.3
2014-04-13 06:10:00,1445.87
2014-04-13 06:20:00,680.8
2014-04-13 06:30:00,954.46
2014-04-13 06:40:00,735.88
2014-04-13 06:50:00,873.8
2014-04-13 07:00:00,980.163265306
2014-04-13 07:10:00,1108.94
2014-04-13 07:20:00,1880.39
2014-04-13 07:30:00,2254.72727273
2014-04-13 07:40:00,1821.32
2014-04-13 07:50:00,588.3
2014-04-13 08:00:00,237.6
2014-04-13 08:10:00,836.27
2014-04-13 08:20:00,638.14
2014-04-13 08:30:00,2133.16
2014-04-13 08:40:00,883.2
2014-04-13 08:50:00,372.69
2014-04-13 09:00:00,424.22
2014-04-13 09:10:00,1423.35353535
2014-04-13 09:20:00,2015.26
2014-04-13 09:30:00,448.68
2014-04-13 09:40:00,662.57
2014-04-13 09:50:00,662.05
2014-04-13 10:00:00,827.91
2014-04-13 10:10:00,318.27
2014-04-13 10:20:00,293.2
2014-04-13 10:30:00,208.89
2014-04-13 10:40:00,283.76
2014-04-13 10:50:00,309.18
2014-04-13 11:00:00,289.66
2014-04-13 11:10:00,240.29
2014-04-13 11:20:00,259.14
2014-04-13 11:30:00,258.44
2014-04-13 11:40:00,196.65
2014-04-13 11:50:00,168.92
2014-04-13 12:00:00,187.52
2014-04-13 12:10:00,256.469387755
2014-04-13 12:20:00,239.454545455
2014-04-13 12:30:00,179.09
2014-04-13 12:40:00,190.9
2014-04-13 12:50:00,195.4
2014-04-13 13:00:00,231.393939394
2014-04-13 13:10:00,205.38
2014-04-13 13:20:00,206.44
2014-04-13 13:30:00,240.27
2014-04-13 13:40:00,256.28
2014-04-13 13:50:00,299.25
2014-04-13 14:00:00,387.91
2014-04-13 14:10:00,461.59
2014-04-13 14:20:00,397.92
2014-04-13 14:30:00,366.02
2014-04-13 14:40:00,429.43
2014-04-13 14:50:00,347.8
2014-04-13 15:00:00,261.93
2014-04-13 15:10:00,222.67
2014-04-13 15:20:00,280.88
2014-04-13 15:30:00,334.41
2014-04-13 15:40:00,301.11
2014-04-13 15:50:00,246.306122449
2014-04-13 16:00:00,264.785714286
2014-04-13 16:10:00,262.202020202
2014-04-13 16:20:00,282.95959596
2014-04-13 16:30:00,293.21
2014-04-13 16:40:00,637.070707071
2014-04-13 16:50:00,1362.93
2014-04-13 17:00:00,402.74
2014-04-13 17:10:00,378.82
2014-04-13 17:20:00,593.83
2014-04-13 17:30:00,538.949494949
2014-04-13 17:40:00,382.95
2014-04-13 17:50:00,407.76
2014-04-13 18:00:00,316.08
2014-04-13 18:10:00,361.72
2014-04-13 18:20:00,399.95
2014-04-13 18:30:00,1060.26
2014-04-13 18:40:00,964.54
2014-04-13 18:50:00,2724.69
2014-04-13 19:00:00,1721.95
2014-04-13 19:10:00,761.67
2014-04-13 19:20:00,678.28
2014-04-13 19:30:00,740.12
2014-04-13 19:40:00,1156.9
2014-04-13 19:50:00,601.96
2014-04-13 20:00:00,686.0
2014-04-13 20:10:00,832.47
2014-04-13 20:20:00,705.64
2014-04-13 20:30:00,534.07
2014-04-13 20:40:00,544.36
2014-04-13 20:50:00,495.93
2014-04-13 21:00:00,301.8
2014-04-13 21:10:00,257.79
2014-04-13 21:20:00,263.16
2014-04-13 21:30:00,356.94
2014-04-13 21:40:00,333.21
2014-04-13 21:50:00,245.41
2014-04-13 22:00:00,180.45
2014-04-13 22:10:00,235.29
2014-04-13 22:20:00,276.17
2014-04-13 22:30:00,239.54
2014-04-13 22:40:00,167.55
2014-04-13 22:50:00,260.7
2014-04-13 23:00:00,311.63
2014-04-13 23:10:00,341.27
2014-04-13 23:20:00,289.13
2014-04-13 23:30:00,193.17
2014-04-13 23:40:00,195.3
2014-04-13 23:50:00,192.17
2014-04-14 00:00:00,200.51
2014-04-14 00:10:00,233.74
2014-04-14 00:20:00,198.72
2014-04-14 00:30:00,182.08
2014-04-14 00:40:00,176.16
2014-04-14 00:50:00,256.71
2014-04-14 01:00:00,244.45
2014-04-14 01:10:00,179.28
2014-04-14 01:20:00,167.49
2014-04-14 01:30:00,233.83
2014-04-14 01:40:00,377.35
2014-04-14 01:50:00,307.74
2014-04-14 02:00:00,238.77
2014-04-14 02:10:00,212.66
2014-04-14 02:20:00,410.56
2014-04-14 02:30:00,524.74
2014-04-14 02:40:00,515.36
2014-04-14 02:50:00,503.08
2014-04-14 03:00:00,500.57
2014-04-14 03:10:00,461.62
2014-04-14 03:20:00,543.01
2014-04-14 03:30:00,561.01
2014-04-14 03:40:00,488.1
2014-04-14 03:50:00,439.86
2014-04-14 04:00:00,499.08
2014-04-14 04:10:00,581.23
2014-04-14 04:20:00,543.31
2014-04-14 04:30:00,552.845360825
2014-04-14 04:40:00,576.958333333
2014-04-14 04:50:00,627.93
2014-04-14 05:00:00,418.39
2014-04-14 05:10:00,490.64
2014-04-14 05:20:00,477.595238095
2014-04-14 05:30:00,1071.5
2014-04-14 05:40:00,444.329545455
2014-04-14 05:50:00,604.568181818
2014-04-14 06:00:00,609.655555556
2014-04-14 06:10:00,1232.84070796
2014-04-14 06:20:00,473.75
2014-04-14 06:30:00,524.07
2014-04-14 06:40:00,352.95
2014-04-14 06:50:00,382.68
2014-04-14 07:00:00,341.12244898
2014-04-14 07:10:00,660.92
2014-04-14 07:20:00,858.27
2014-04-14 07:30:00,503.31
2014-04-14 07:40:00,266.25
2014-04-14 07:50:00,224.662790698
2014-04-14 08:00:00,292.535353535
2014-04-14 08:10:00,340.77
2014-04-14 08:20:00,315.94
2014-04-14 08:30:00,458.326530612
2014-04-14 08:40:00,1351.18367347
2014-04-14 08:50:00,272.244897959
2014-04-14 09:00:00,280.222222222
2014-04-14 09:10:00,211.414141414
2014-04-14 09:20:00,217.958762887
2014-04-14 09:30:00,229.306122449
2014-04-14 09:40:00,398.104166667
2014-04-14 09:50:00,348.453608247
2014-04-14 10:00:00,310.646464646
2014-04-14 10:10:00,259.262626263
2014-04-14 10:20:00,231.729166667
2014-04-14 10:30:00,242.94
2014-04-14 10:40:00,251.898989899
2014-04-14 10:50:00,244.98
2014-04-14 11:00:00,228.210526316
2014-04-14 11:10:00,203.404255319
2014-04-14 11:20:00,244.083333333
2014-04-14 11:30:00,295.151515152
2014-04-14 11:40:00,250.90625
2014-04-14 11:50:00,206.154639175
2014-04-14 12:00:00,228.836734694
2014-04-14 12:10:00,475.835051546
2014-04-14 12:20:00,914.736842105
2014-04-14 12:30:00,528.526315789
2014-04-14 12:40:00,458.96969697
2014-04-14 12:50:00,400.34
2014-04-14 13:00:00,454.693877551
2014-04-14 13:10:00,359.939393939
2014-04-14 13:20:00,275.282608696
2014-04-14 13:30:00,294.464646465
2014-04-14 13:40:00,298.969072165
2014-04-14 13:50:00,346.948453608
2014-04-14 14:00:00,317.0
2014-04-14 14:10:00,359.510416667
2014-04-14 14:20:00,442.364583333
2014-04-14 14:30:00,419.072916667
2014-04-14 14:40:00,405.428571429
2014-04-14 14:50:00,354.773195876
2014-04-14 15:00:00,318.408163265
2014-04-14 15:10:00,276.073684211
2014-04-14 15:20:00,240.494845361
2014-04-14 15:30:00,352.635416667
2014-04-14 15:40:00,377.113402062
2014-04-14 15:50:00,303.724489796
2014-04-14 16:00:00,259.12371134
2014-04-14 16:10:00,357.303921569
2014-04-14 16:20:00,1993.60606061
2014-04-14 16:30:00,1619.11111111
2014-04-14 16:40:00,1712.03061224
2014-04-14 16:50:00,2309.84536082
2014-04-14 17:00:00,3101.66666667
2014-04-14 17:10:00,1084.16326531
2014-04-14 17:20:00,805.785714286
2014-04-14 17:30:00,818.71
2014-04-14 17:40:00,2035.7979798
2014-04-14 17:50:00,2008.08247423
2014-04-14 18:00:00,798.765306122
2014-04-14 18:10:00,1000.5
2014-04-14 18:20:00,998.02020202
2014-04-14 18:30:00,3007.58163265
2014-04-14 18:40:00,2563.8
2014-04-14 18:50:00,1094.79
2014-04-14 19:00:00,1622.62
2014-04-14 19:10:00,1132.43
2014-04-14 19:20:00,1003.82474227
2014-04-14 19:30:00,948.49
2014-04-14 19:40:00,766.84
2014-04-14 19:50:00,732.31
2014-04-14 20:00:00,820.94
2014-04-14 20:10:00,711.42
2014-04-14 20:20:00,652.9
2014-04-14 20:30:00,700.89
2014-04-14 20:40:00,640.55
2014-04-14 20:50:00,497.52
2014-04-14 21:00:00,503.22
2014-04-14 21:10:00,391.855670103
2014-04-14 21:20:00,212.505376344
2014-04-14 21:30:00,261.274725275
2014-04-14 21:40:00,276.962025316
2014-04-14 21:50:00,220.827586207
2014-04-14 22:00:00,182.107526882
2014-04-14 22:10:00,223.269662921
2014-04-14 22:20:00,395.181818182
2014-04-14 22:30:00,375.409090909
2014-04-14 22:40:00,209.050505051
2014-04-14 22:50:00,181.95049505
2014-04-14 23:00:00,220.13
2014-04-14 23:10:00,271.222222222
2014-04-14 23:20:00,208.948979592
2014-04-14 23:30:00,180.92
2014-04-14 23:40:00,199.92
2014-04-14 23:50:00,210.07
2014-04-15 00:00:00,209.97
2014-04-15 00:10:00,259.61
2014-04-15 00:20:00,295.38
2014-04-15 00:30:00,273.36
2014-04-15 00:40:00,196.52
2014-04-15 00:50:00,250.75
2014-04-15 01:00:00,245.79
2014-04-15 01:10:00,188.66
2014-04-15 01:20:00,171.25
2014-04-15 01:30:00,220.12
2014-04-15 01:40:00,264.292929293
2014-04-15 01:50:00,217.366336634
2014-04-15 02:00:00,165.51
2014-04-15 02:10:00,209.404040404
2014-04-15 02:20:00,405.841584158
2014-04-15 02:30:00,648.464646465
2014-04-15 02:40:00,503.99
2014-04-15 02:50:00,503.02
2014-04-15 03:00:00,507.772277228
2014-04-15 03:10:00,505.494949495
2014-04-15 03:20:00,523.96039604
2014-04-15 03:30:00,520.65
2014-04-15 03:40:00,506.1
2014-04-15 03:50:00,443.91
2014-04-15 04:00:00,538.65
2014-04-15 04:10:00,569.595959596
2014-04-15 04:20:00,507.534653465
2014-04-15 04:30:00,550.98
2014-04-15 04:40:00,605.44
2014-04-15 04:50:00,676.85
2014-04-15 05:00:00,506.93
2014-04-15 05:10:00,448.71
2014-04-15 05:20:00,472.77
2014-04-15 05:30:00,670.29
2014-04-15 05:40:00,544.151515152
2014-04-15 05:50:00,512.58
2014-04-15 06:00:00,473.732673267
2014-04-15 06:10:00,1545.78
2014-04-15 06:20:00,532.85
2014-04-15 06:30:00,554.88
2014-04-15 06:40:00,307.05
2014-04-15 06:50:00,346.61
2014-04-15 07:00:00,386.202020202
2014-04-15 07:10:00,478.262626263
2014-04-15 07:20:00,418.215053763
2014-04-15 07:30:00,541.282608696
2014-04-15 07:40:00,296.774193548
2014-04-15 07:50:00,488.786516854
2014-04-15 08:00:00,2025.28089888
2014-04-15 08:10:00,930.977777778
2014-04-15 08:20:00,400.726315789
2014-04-15 08:30:00,738.215909091
2014-04-15 08:40:00,1826.78494624
2014-04-15 08:50:00,1211.54736842
2014-04-15 09:00:00,1298.37078652
2014-04-15 09:10:00,1478.36263736
2014-04-15 09:20:00,316.730337079
2014-04-15 09:30:00,309.441860465
2014-04-15 09:40:00,259.451612903
2014-04-15 09:50:00,324.011235955
2014-04-15 10:00:00,352.363636364
2014-04-15 10:10:00,379.255319149
2014-04-15 10:20:00,268.727272727
2014-04-15 10:30:00,172.134831461
2014-04-15 10:40:00,189.943820225
2014-04-15 10:50:00,283.23255814
2014-04-15 11:00:00,240.8
2014-04-15 11:10:00,180.12371134
2014-04-15 11:20:00,235.193181818
2014-04-15 11:30:00,348.840425532
2014-04-15 11:40:00,374.173913043
2014-04-15 11:50:00,274.217391304
2014-04-15 12:00:00,246.75862069
2014-04-15 12:10:00,292.384615385
2014-04-15 12:20:00,379.112359551
2014-04-15 12:30:00,325.593023256
2014-04-15 12:40:00,340.341176471
2014-04-15 12:50:00,423.263157895
2014-04-15 13:00:00,448.0
2014-04-15 13:10:00,443.391752577
2014-04-15 13:20:00,284.220930233
2014-04-15 13:30:00,261.696629213
2014-04-15 13:40:00,274.032258065
2014-04-15 13:50:00,306.663157895
2014-04-15 14:00:00,292.919191919
2014-04-15 14:10:00,297.322916667
2014-04-15 14:20:00,275.762886598
2014-04-15 14:30:00,274.366666667
2014-04-15 14:40:00,261.628865979
2014-04-15 14:50:00,304.292929293
2014-04-15 15:00:00,330.09
2014-04-15 15:10:00,272.19
2014-04-15 15:20:00,248.96
2014-04-15 15:30:00,296.26
2014-04-15 15:40:00,496.16
2014-04-15 15:50:00,468.12
2014-04-15 16:00:00,376.574257426
2014-04-15 16:10:00,259.080808081
2014-04-15 16:20:00,332.56
2014-04-15 16:30:00,348.45
2014-04-15 16:40:00,303.74
2014-04-15 16:50:00,225.24
2014-04-15 17:00:00,243.63
2014-04-15 17:10:00,330.26
2014-04-15 17:20:00,344.75
2014-04-15 17:30:00,260.21
2014-04-15 17:40:00,227.948979592
2014-04-15 17:50:00,268.17
2014-04-15 18:00:00,329.1
2014-04-15 18:10:00,415.75
2014-04-15 18:20:00,273.59
2014-04-15 18:30:00,376.707070707
2014-04-15 18:40:00,347.35
2014-04-15 18:50:00,330.23
2014-04-15 19:00:00,352.06
2014-04-15 19:10:00,667.0
2014-04-15 19:20:00,1298.8989899
2014-04-15 19:30:00,992.475247525
2014-04-15 19:40:00,2889.06
2014-04-15 19:50:00,1662.04
2014-04-15 20:00:00,577.36
2014-04-15 20:10:00,532.565656566
2014-04-15 20:20:00,538.158415842
2014-04-15 20:30:00,613.98
2014-04-15 20:40:00,532.19
2014-04-15 20:50:00,535.71
2014-04-15 21:00:00,439.19
2014-04-15 21:10:00,616.023809524
2014-04-15 21:20:00,394.325301205
2014-04-15 21:30:00,357.619047619
2014-04-15 21:40:00,303.0
2014-04-15 21:50:00,300.91954023
2014-04-15 22:00:00,343.913978495
2014-04-15 22:10:00,276.373626374
2014-04-15 22:20:00,220.473684211
2014-04-15 22:30:00,220.579545455
2014-04-15 22:40:00,212.382978723
2014-04-15 22:50:00,201.127906977
2014-04-15 23:00:00,207.666666667
2014-04-15 23:10:00,238.586956522
2014-04-15 23:20:00,205.296703297
2014-04-15 23:30:00,181.764044944
2014-04-15 23:40:00,182.574468085
2014-04-15 23:50:00,247.373626374
